slot,x0_dp,x1_dp,min_Lstar,p1_Lstar,median_Lstar,p99_Lstar,max_Lstar
galaxy-deep-space,0,10,0.0,0.0,0.1,0.9,6.3
galaxy-deep-space,10,20,0.0,0.0,0.1,0.9,2.9
galaxy-deep-space,20,30,0.0,0.0,0.1,1.2,4.3
galaxy-deep-space,30,40,0.0,0.0,0.1,1.4,8.9
galaxy-deep-space,40,50,0.0,0.0,0.1,1.5,10.3
galaxy-deep-space,50,60,0.0,0.0,0.1,1.5,4.4
galaxy-deep-space,60,70,0.0,0.0,0.1,1.2,3.4
galaxy-deep-space,70,80,0.0,0.0,0.1,1.2,3.6
galaxy-deep-space,80,90,0.0,0.0,0.1,1.5,6.0
galaxy-deep-space,90,100,0.0,0.0,0.1,1.2,9.0
galaxy-deep-space,100,110,0.0,0.0,0.1,1.1,5.1
galaxy-deep-space,110,120,0.0,0.0,0.1,1.4,7.9
galaxy-deep-space,120,130,0.0,0.0,0.1,1.4,3.2
galaxy-deep-space,130,140,0.0,0.0,0.2,1.2,6.4
galaxy-deep-space,140,150,0.0,0.0,0.1,1.4,8.8
galaxy-deep-space,150,160,0.0,0.0,0.1,1.1,10.7
galaxy-deep-space,160,170,0.0,0.0,0.3,1.1,3.0
galaxy-deep-space,170,180,0.0,0.0,0.3,1.1,2.0
galaxy-deep-space,180,191,0.0,0.0,0.3,0.9,12.2
galaxy-deep-space,191,201,0.0,0.0,0.3,0.8,9.0
galaxy-deep-space,201,210,0.0,0.0,0.3,0.8,10.1
galaxy-deep-space,210,220,0.0,0.0,0.3,0.8,2.9
galaxy-deep-space,220,230,0.0,0.0,0.3,0.9,7.5
galaxy-deep-space,230,241,0.0,0.0,0.3,0.9,1.9
galaxy-deep-space,241,251,0.0,0.0,0.3,0.9,6.1
galaxy-deep-space,251,261,0.0,0.0,0.3,0.9,3.9
galaxy-deep-space,261,271,0.0,0.0,0.3,1.1,6.4
galaxy-deep-space,271,281,0.0,0.0,0.3,0.9,2.0
galaxy-deep-space,281,291,0.0,0.0,0.3,0.9,6.1
galaxy-deep-space,291,301,0.0,0.0,0.3,1.1,5.3
galaxy-deep-space,301,311,0.0,0.0,0.3,0.9,2.3
galaxy-deep-space,311,321,0.0,0.0,0.3,1.1,6.3
galaxy-deep-space,321,331,0.0,0.0,0.3,0.9,8.4
galaxy-deep-space,331,341,0.0,0.0,0.3,0.9,5.0
galaxy-deep-space,341,351,0.0,0.0,0.3,0.9,2.7
galaxy-deep-space,351,361,0.0,0.0,0.3,0.8,7.3
galaxy-deep-space,361,371,0.0,0.0,0.3,0.8,3.0
galaxy-deep-space,371,381,0.0,0.0,0.3,0.9,7.6
galaxy-deep-space,381,391,0.0,0.0,0.3,0.9,8.1
galaxy-deep-space,391,401,0.0,0.0,0.3,0.9,5.0
galaxy-deep-space,401,411,0.0,0.0,0.3,0.9,5.7
galaxy-starfield,0,10,0.0,0.0,0.3,2.1,13.6
galaxy-starfield,10,20,0.0,0.0,0.3,2.5,15.7
galaxy-starfield,20,30,0.0,0.0,0.3,2.1,6.4
galaxy-starfield,30,40,0.0,0.0,0.3,1.4,13.3
galaxy-starfield,40,50,0.0,0.1,0.3,1.5,14.3
galaxy-starfield,50,60,0.0,0.1,0.3,1.4,7.4
galaxy-starfield,60,70,0.0,0.1,0.3,1.1,11.7
galaxy-starfield,70,80,0.0,0.1,0.3,1.2,6.8
galaxy-starfield,80,90,0.0,0.1,0.3,0.9,7.8
galaxy-starfield,90,100,0.0,0.0,0.3,0.9,4.9
galaxy-starfield,100,110,0.0,0.0,0.3,0.8,8.6
galaxy-starfield,110,120,0.0,0.0,0.3,0.6,11.9
galaxy-starfield,120,130,0.0,0.0,0.3,0.6,12.0
galaxy-starfield,130,140,0.0,0.0,0.3,0.6,12.8
galaxy-starfield,140,150,0.0,0.0,0.3,0.6,6.6
galaxy-starfield,150,160,0.0,0.0,0.3,0.6,5.8
galaxy-starfield,160,170,0.0,0.0,0.3,0.6,8.4
galaxy-starfield,170,180,0.0,0.0,0.3,0.4,6.8
galaxy-starfield,180,191,0.0,0.0,0.3,0.4,12.6
galaxy-starfield,191,201,0.0,0.0,0.3,0.4,10.8
galaxy-starfield,201,210,0.0,0.0,0.3,0.3,5.4
galaxy-starfield,210,220,0.0,0.0,0.3,0.4,4.9
galaxy-starfield,220,230,0.0,0.0,0.3,0.4,14.8
galaxy-starfield,230,241,0.0,0.0,0.3,0.4,4.1
galaxy-starfield,241,251,0.0,0.0,0.3,0.4,5.3
galaxy-starfield,251,261,0.0,0.0,0.3,0.6,11.6
galaxy-starfield,261,271,0.0,0.0,0.3,0.6,11.1
galaxy-starfield,271,281,0.0,0.0,0.3,0.6,5.7
galaxy-starfield,281,291,0.0,0.0,0.3,0.6,9.5
galaxy-starfield,291,301,0.0,0.0,0.3,0.6,9.2
galaxy-starfield,301,311,0.0,0.0,0.3,0.6,8.4
galaxy-starfield,311,321,0.0,0.0,0.3,0.8,13.5
galaxy-starfield,321,331,0.0,0.1,0.3,0.7,12.5
galaxy-starfield,331,341,0.0,0.1,0.3,0.9,10.9
galaxy-starfield,341,351,0.0,0.1,0.3,0.9,7.2
galaxy-starfield,351,361,0.0,0.1,0.3,0.9,15.5
galaxy-starfield,361,371,0.0,0.1,0.3,1.1,10.4
galaxy-starfield,371,381,0.0,0.1,0.3,1.5,12.9
galaxy-starfield,381,391,0.0,0.1,0.3,2.2,10.1
galaxy-starfield,391,401,0.0,0.1,0.3,1.9,8.4
galaxy-starfield,401,411,0.0,0.1,0.3,1.9,10.7
galaxy-nebula,0,10,0.1,0.2,1.3,5.8,10.9
galaxy-nebula,10,20,0.1,0.2,1.5,6.8,12.4
galaxy-nebula,20,30,0.1,0.4,1.5,9.0,13.4
galaxy-nebula,30,40,0.1,0.4,1.8,11.0,15.7
galaxy-nebula,40,50,0.1,0.2,1.6,9.6,12.7
galaxy-nebula,50,60,0.2,0.2,1.8,7.4,12.2
galaxy-nebula,60,70,0.2,0.4,1.6,9.8,13.9
galaxy-nebula,70,80,0.2,0.4,1.5,8.4,12.3
galaxy-nebula,80,90,0.4,0.5,1.5,9.3,14.5
galaxy-nebula,90,100,0.3,0.5,1.5,7.3,12.3
galaxy-nebula,100,110,0.3,0.5,1.5,6.1,10.6
galaxy-nebula,110,120,0.5,0.5,1.5,6.0,10.6
galaxy-nebula,120,130,0.5,0.5,1.4,7.0,10.4
galaxy-nebula,130,140,0.5,0.5,1.4,6.6,10.2
galaxy-nebula,140,150,0.5,0.6,1.4,5.6,8.1
galaxy-nebula,150,160,0.5,0.7,1.3,5.0,8.1
galaxy-nebula,160,170,0.5,0.7,1.2,4.5,6.4
galaxy-nebula,170,180,0.5,0.8,1.2,4.1,5.6
galaxy-nebula,180,191,0.5,0.8,1.4,4.0,5.6
galaxy-nebula,191,201,0.5,0.7,1.4,4.1,6.4
galaxy-nebula,201,210,0.5,0.7,1.4,4.5,7.5
galaxy-nebula,210,220,0.5,0.7,1.4,5.0,12.1
galaxy-nebula,220,230,0.5,0.7,1.2,5.5,9.4
galaxy-nebula,230,241,0.5,0.7,1.2,4.3,11.0
galaxy-nebula,241,251,0.5,0.6,1.1,4.1,6.9
galaxy-nebula,251,261,0.5,0.5,1.1,3.7,6.2
galaxy-nebula,261,271,0.5,0.5,1.1,3.3,4.8
galaxy-nebula,271,281,0.4,0.5,1.2,3.5,5.9
galaxy-nebula,281,291,0.4,0.5,1.2,4.1,5.4
galaxy-nebula,291,301,0.4,0.5,1.4,3.6,5.7
galaxy-nebula,301,311,0.4,0.5,1.4,4.2,7.4
galaxy-nebula,311,321,0.4,0.5,1.4,5.2,8.6
galaxy-nebula,321,331,0.4,0.5,1.4,5.1,7.9
galaxy-nebula,331,341,0.4,0.5,1.6,5.7,10.4
galaxy-nebula,341,351,0.5,0.5,1.8,6.2,10.2
galaxy-nebula,351,361,0.5,0.5,1.8,6.8,9.2
galaxy-nebula,361,371,0.5,0.5,1.8,6.9,11.0
galaxy-nebula,371,381,0.5,0.5,1.8,6.7,8.5
galaxy-nebula,381,391,0.4,0.5,2.1,6.2,12.0
galaxy-nebula,391,401,0.4,0.4,2.1,5.2,7.7
galaxy-nebula,401,411,0.1,0.4,2.2,5.7,9.3
galaxy-aurora,0,10,0.5,0.5,1.4,4.3,7.6
galaxy-aurora,10,20,0.5,0.5,1.6,5.5,8.6
galaxy-aurora,20,30,0.5,0.5,1.8,9.6,12.5
galaxy-aurora,30,40,0.3,0.5,2.2,12.5,15.4
galaxy-aurora,40,50,0.5,0.5,2.1,11.6,16.0
galaxy-aurora,50,60,0.5,0.5,2.0,11.6,15.7
galaxy-aurora,60,70,0.5,0.5,1.8,11.9,16.7
galaxy-aurora,70,80,0.5,0.5,1.8,12.5,17.9
galaxy-aurora,80,90,0.5,0.5,1.9,13.4,18.3
galaxy-aurora,90,100,0.5,0.5,1.8,13.9,17.8
galaxy-aurora,100,110,0.5,0.5,1.6,12.4,15.9
galaxy-aurora,110,120,0.5,0.5,1.6,10.1,13.2
galaxy-aurora,120,130,0.5,0.5,1.6,8.2,11.7
galaxy-aurora,130,140,0.3,0.5,1.4,6.4,9.9
galaxy-aurora,140,150,0.3,0.5,1.4,5.2,9.2
galaxy-aurora,150,160,0.3,0.5,1.4,4.5,8.7
galaxy-aurora,160,170,0.3,0.5,1.4,4.2,9.4
galaxy-aurora,170,180,0.3,0.5,1.4,4.5,10.9
galaxy-aurora,180,191,0.5,0.5,1.2,4.7,10.2
galaxy-aurora,191,201,0.3,0.5,1.2,4.3,9.3
galaxy-aurora,201,210,0.3,0.5,1.2,3.9,6.4
galaxy-aurora,210,220,0.3,0.5,1.2,3.3,4.8
galaxy-aurora,220,230,0.3,0.5,1.2,2.7,4.1
galaxy-aurora,230,241,0.3,0.5,1.2,2.3,3.4
galaxy-aurora,241,251,0.3,0.5,1.0,2.1,3.1
galaxy-aurora,251,261,0.3,0.5,0.9,2.1,2.8
galaxy-aurora,261,271,0.5,0.5,0.9,2.1,2.6
galaxy-aurora,271,281,0.5,0.5,0.9,1.9,2.4
galaxy-aurora,281,291,0.5,0.7,0.9,1.9,2.4
galaxy-aurora,291,301,0.5,0.5,0.9,1.9,2.6
galaxy-aurora,301,311,0.5,0.5,0.9,1.8,2.1
galaxy-aurora,311,321,0.5,0.5,0.9,1.8,2.1
galaxy-aurora,321,331,0.5,0.5,0.9,1.6,1.8
galaxy-aurora,331,341,0.5,0.5,0.9,1.6,1.8
galaxy-aurora,341,351,0.5,0.5,0.9,1.6,1.8
galaxy-aurora,351,361,0.5,0.5,0.7,1.6,1.6
galaxy-aurora,361,371,0.5,0.5,0.7,1.6,1.6
galaxy-aurora,371,381,0.5,0.5,0.7,1.6,1.6
galaxy-aurora,381,391,0.5,0.5,0.7,1.6,1.6
galaxy-aurora,391,401,0.3,0.5,0.7,1.4,1.6
galaxy-aurora,401,411,0.3,0.5,0.7,1.4,1.6
standard-dawn,0,10,69.7,72.4,79.6,85.1,86.8
standard-dawn,10,20,70.3,72.3,79.7,85.1,86.7
standard-dawn,20,30,69.3,72.1,79.7,85.1,86.5
standard-dawn,30,40,69.5,72.0,79.6,85.0,86.7
standard-dawn,40,50,69.2,72.1,79.6,85.0,86.4
standard-dawn,50,60,70.0,72.4,79.6,85.0,86.7
standard-dawn,60,70,70.4,72.4,79.6,84.9,86.0
standard-dawn,70,80,69.8,72.3,79.6,84.9,86.4
standard-dawn,80,90,69.7,72.3,79.6,84.8,86.1
standard-dawn,90,100,70.0,72.3,79.5,84.6,85.8
standard-dawn,100,110,70.2,72.4,79.6,84.4,85.7
standard-dawn,110,120,69.6,72.3,79.7,84.5,86.3
standard-dawn,120,130,69.7,72.5,79.7,84.4,85.5
standard-dawn,130,140,70.0,72.5,79.9,84.5,85.8
standard-dawn,140,150,69.7,72.5,80.0,84.4,86.0
standard-dawn,150,160,69.5,72.7,80.2,84.4,86.0
standard-dawn,160,170,70.2,72.8,80.3,84.3,85.7
standard-dawn,170,180,70.8,72.9,80.4,84.4,85.5
standard-dawn,180,191,70.5,72.7,80.5,84.3,85.8
standard-dawn,191,201,69.8,72.5,80.6,84.3,85.4
standard-dawn,201,210,69.2,72.6,80.7,84.2,85.5
standard-dawn,210,220,70.1,72.6,80.7,84.1,85.5
standard-dawn,220,230,69.4,72.7,80.6,84.3,85.7
standard-dawn,230,241,70.3,73.0,80.8,84.4,86.0
standard-dawn,241,251,70.8,73.0,80.8,84.2,85.7
standard-dawn,251,261,70.9,73.0,80.8,84.4,85.6
standard-dawn,261,271,70.7,73.1,80.9,84.4,85.8
standard-dawn,271,281,70.6,73.4,81.0,84.2,85.5
standard-dawn,281,291,71.4,73.6,81.0,84.1,85.5
standard-dawn,291,301,70.7,73.5,81.0,84.0,85.2
standard-dawn,301,311,71.4,73.8,81.0,84.1,85.5
standard-dawn,311,321,70.1,74.3,81.0,84.2,85.5
standard-dawn,321,331,71.7,74.4,81.0,84.2,85.5
standard-dawn,331,341,72.4,74.6,81.0,84.2,85.5
standard-dawn,341,351,72.5,74.8,81.0,84.2,85.8
standard-dawn,351,361,72.9,74.8,81.0,84.0,85.2
standard-dawn,361,371,72.0,74.8,80.9,83.9,85.1
standard-dawn,371,381,72.7,74.7,80.9,83.9,85.4
standard-dawn,381,391,71.8,74.7,80.9,83.8,85.2
standard-dawn,391,401,73.3,75.0,80.9,83.8,85.1
standard-dawn,401,411,72.8,74.9,80.9,83.8,84.8
standard-paper,0,10,75.7,80.3,84.8,87.6,89.3
standard-paper,10,20,73.3,80.4,84.8,87.7,90.2
standard-paper,20,30,74.4,80.4,84.7,87.6,89.9
standard-paper,30,40,73.9,80.3,84.7,87.6,89.9
standard-paper,40,50,68.3,80.2,84.7,87.6,91.4
standard-paper,50,60,74.9,80.3,84.6,87.5,89.4
standard-paper,60,70,72.9,80.2,84.6,87.6,89.7
standard-paper,70,80,71.9,80.2,84.6,87.6,89.6
standard-paper,80,90,71.8,80.2,84.5,87.5,89.2
standard-paper,90,100,68.3,80.2,84.5,87.5,90.6
standard-paper,100,110,64.9,80.2,84.5,87.5,89.5
standard-paper,110,120,70.8,80.2,84.7,87.6,89.8
standard-paper,120,130,71.2,80.3,84.7,87.4,89.3
standard-paper,130,140,70.9,80.3,84.7,87.6,89.9
standard-paper,140,150,71.6,80.3,84.7,87.7,89.6
standard-paper,150,160,74.4,80.4,84.7,87.6,89.2
standard-paper,160,170,74.2,80.3,84.7,87.6,89.8
standard-paper,170,180,72.1,80.5,84.7,87.6,89.3
standard-paper,180,191,68.5,80.3,84.7,87.6,90.2
standard-paper,191,201,65.7,80.3,84.7,87.7,90.1
standard-paper,201,210,69.1,80.4,84.7,87.5,89.2
standard-paper,210,220,72.0,80.4,84.7,87.5,89.5
standard-paper,220,230,68.8,80.3,84.7,87.6,89.8
standard-paper,230,241,69.8,80.3,84.7,87.6,89.9
standard-paper,241,251,65.7,80.2,84.7,87.5,90.5
standard-paper,251,261,71.4,80.3,84.6,87.5,89.6
standard-paper,261,271,70.2,80.4,84.7,87.6,89.2
standard-paper,271,281,73.4,80.2,84.7,87.6,90.2
standard-paper,281,291,71.1,80.3,84.7,87.5,89.5
standard-paper,291,301,70.9,80.4,84.7,87.5,89.9
standard-paper,301,311,72.9,80.3,84.7,87.8,90.1
standard-paper,311,321,71.3,80.4,84.7,87.6,90.6
standard-paper,321,331,72.3,80.4,84.7,87.6,89.9
standard-paper,331,341,71.3,80.4,84.8,87.6,89.7
standard-paper,341,351,69.4,80.4,84.7,87.8,90.0
standard-paper,351,361,72.5,80.4,84.7,87.5,89.6
standard-paper,361,371,70.9,80.3,84.7,87.6,89.3
standard-paper,371,381,72.7,80.4,84.7,87.6,89.5
standard-paper,381,391,68.9,80.4,84.7,87.5,89.7
standard-paper,391,401,70.3,80.2,84.7,87.6,90.2
standard-paper,401,411,72.3,80.3,84.8,87.6,89.6
standard-dusk,0,10,19.2,20.9,32.8,54.0,56.3
standard-dusk,10,20,19.0,20.6,32.6,54.2,57.4
standard-dusk,20,30,19.3,20.4,32.6,54.1,55.8
standard-dusk,30,40,19.1,20.1,32.5,54.2,56.3
standard-dusk,40,50,19.1,20.1,32.0,54.5,56.6
standard-dusk,50,60,18.7,19.8,32.0,55.0,58.2
standard-dusk,60,70,18.6,19.6,32.8,56.3,58.6
standard-dusk,70,80,18.4,19.5,33.6,57.0,59.3
standard-dusk,80,90,18.0,19.6,34.9,57.5,59.7
standard-dusk,90,100,18.2,19.3,35.9,58.2,60.2
standard-dusk,100,110,18.6,19.6,36.3,59.5,61.7
standard-dusk,110,120,18.6,19.6,37.1,60.3,62.7
standard-dusk,120,130,18.8,19.8,37.7,60.7,62.6
standard-dusk,130,140,19.0,20.1,38.6,61.2,63.2
standard-dusk,140,150,18.6,20.5,39.9,61.4,64.3
standard-dusk,150,160,19.4,20.5,41.0,62.1,63.4
standard-dusk,160,170,19.4,20.5,42.2,62.8,64.1
standard-dusk,170,180,19.9,20.9,43.4,63.6,65.2
standard-dusk,180,191,20.1,21.2,44.2,65.2,66.7
standard-dusk,191,201,20.1,21.2,45.1,66.2,67.6
standard-dusk,201,210,19.7,20.9,47.1,67.2,68.3
standard-dusk,210,220,19.3,20.4,48.8,68.0,69.8
standard-dusk,220,230,19.2,20.1,50.0,69.0,70.5
standard-dusk,230,241,18.3,19.5,52.6,70.1,71.4
standard-dusk,241,251,17.8,18.9,53.4,70.7,72.0
standard-dusk,251,261,17.0,18.4,53.8,71.4,72.7
standard-dusk,261,271,17.2,18.2,54.7,71.8,73.1
standard-dusk,271,281,16.8,17.9,55.6,72.3,73.5
standard-dusk,281,291,16.6,17.7,55.7,72.5,73.6
standard-dusk,291,301,16.2,17.3,55.3,72.7,74.1
standard-dusk,301,311,16.3,17.4,55.1,72.7,74.0
standard-dusk,311,321,16.3,17.2,54.9,72.6,73.5
standard-dusk,321,331,16.2,17.3,54.7,72.6,74.3
standard-dusk,331,341,16.4,17.5,54.3,72.4,73.1
standard-dusk,341,351,16.8,17.7,54.1,72.5,73.8
standard-dusk,351,361,16.5,17.4,54.0,72.4,73.3
standard-dusk,361,371,16.2,17.2,53.5,72.2,73.1
standard-dusk,371,381,16.1,17.3,53.1,72.0,72.9
standard-dusk,381,391,16.7,17.6,52.6,71.8,72.8
standard-dusk,391,401,16.8,17.9,52.4,71.6,73.2
standard-dusk,401,411,17.1,18.1,52.0,71.2,72.5
standard-mesh,0,10,35.8,36.6,48.9,59.2,60.8
standard-mesh,10,20,35.4,35.9,49.0,59.9,60.8
standard-mesh,20,30,35.2,35.8,49.0,60.4,61.8
standard-mesh,30,40,35.0,35.5,49.0,61.2,62.3
standard-mesh,40,50,34.2,35.4,49.1,62.2,63.3
standard-mesh,50,60,35.0,35.5,49.1,63.2,63.8
standard-mesh,60,70,35.4,36.1,48.8,63.4,64.0
standard-mesh,70,80,35.9,36.6,48.3,64.0,64.5
standard-mesh,80,90,36.2,36.9,47.5,64.3,64.7
standard-mesh,90,100,36.9,37.4,46.7,65.0,66.1
standard-mesh,100,110,37.4,37.8,46.2,66.1,67.3
standard-mesh,110,120,37.8,38.6,45.6,68.2,69.2
standard-mesh,120,130,38.3,39.0,45.7,70.0,71.0
standard-mesh,130,140,38.5,39.1,45.6,71.3,72.2
standard-mesh,140,150,37.4,38.3,45.7,72.5,73.3
standard-mesh,150,160,37.0,37.8,45.6,74.1,74.8
standard-mesh,160,170,36.2,36.9,46.2,74.9,75.9
standard-mesh,170,180,35.7,36.2,46.6,75.5,75.9
standard-mesh,180,191,35.2,35.7,47.2,75.9,76.7
standard-mesh,191,201,34.1,35.3,47.8,76.3,76.8
standard-mesh,201,210,34.1,35.0,48.6,77.1,77.9
standard-mesh,210,220,34.1,35.0,49.5,77.5,78.0
standard-mesh,220,230,34.1,35.0,50.3,77.4,78.0
standard-mesh,230,241,34.1,34.9,51.5,77.5,78.0
standard-mesh,241,251,34.1,34.9,52.3,77.5,78.0
standard-mesh,251,261,34.7,35.2,53.4,77.2,78.5
standard-mesh,261,271,34.1,34.9,54.2,77.1,77.7
standard-mesh,271,281,34.1,34.9,54.9,76.9,77.5
standard-mesh,281,291,34.1,35.2,55.4,76.7,77.2
standard-mesh,291,301,34.8,35.3,56.2,76.4,76.8
standard-mesh,301,311,34.8,35.3,56.5,76.4,77.0
standard-mesh,311,321,34.7,35.3,57.2,76.4,77.0
standard-mesh,321,331,34.1,35.2,57.3,76.4,77.1
standard-mesh,331,341,34.1,35.3,57.3,76.7,77.2
standard-mesh,341,351,34.1,35.1,57.2,76.3,76.7
standard-mesh,351,361,34.0,34.8,56.9,76.3,76.8
standard-mesh,361,371,33.7,34.1,57.2,76.3,77.1
standard-mesh,371,381,33.3,33.8,57.1,76.2,76.7
standard-mesh,381,391,33.3,33.8,56.6,76.1,76.6
standard-mesh,391,401,33.3,33.8,56.5,76.3,76.7
standard-mesh,401,411,33.3,33.7,56.2,76.4,76.8
